{"cameraMode":{"drawMode":0,"name":"Shaded","section":"Shading Mode"},"sceneLighting":true,"audioPlay":false,"sceneViewState":{"m_AlwaysRefresh":false,"showFog":true,"showSkybox":true,"showFlares":true,"showImageEffects":true,"showParticleSystems":true,"showVisualEffectGraphs":true,"m_FxEnabled":true},"in2DMode":false,"pivot":{"x":-0.23875713348388673,"y":4.11027717590332,"z":-0.9145793914794922},"rotation":{"x":0.011689712293446064,"y":-0.009901829995214939,"z":-0.00010953706805594265,"w":-0.9998943209648132},"size":9.628007888793946,"orthographic":false}