{"cameraMode":{"drawMode":0,"name":"Shaded","section":"Shading Mode"},"sceneLighting":true,"audioPlay":false,"sceneViewState":{"m_AlwaysRefresh":false,"showFog":true,"showSkybox":true,"showFlares":true,"showImageEffects":true,"showParticleSystems":true,"showVisualEffectGraphs":true,"m_FxEnabled":true},"in2DMode":false,"pivot":{"x":0.16951656341552735,"y":-0.7030644416809082,"z":0.3535728454589844},"rotation":{"x":-0.09713216125965119,"y":0.8926047086715698,"z":-0.23154520988464356,"w":-0.3744436800479889},"size":8.273144721984864,"orthographic":false}