{"cameraMode":{"drawMode":0,"name":"Shaded","section":"Shading Mode"},"sceneLighting":true,"audioPlay":false,"sceneViewState":{"m_AlwaysRefresh":false,"showFog":true,"showSkybox":true,"showFlares":true,"showImageEffects":true,"showParticleSystems":true,"showVisualEffectGraphs":true,"m_FxEnabled":true},"in2DMode":false,"pivot":{"x":-0.7666029930114746,"y":3.4611763954162599,"z":0.7469478249549866},"rotation":{"x":0.005689537618309259,"y":0.014097261242568493,"z":0.00010206229489995167,"w":-0.999902606010437},"size":8.768548011779786,"orthographic":false}