{"cameraMode":{"drawMode":0,"name":"Shaded","section":"Shading Mode"},"sceneLighting":true,"audioPlay":false,"sceneViewState":{"m_AlwaysRefresh":false,"showFog":true,"showSkybox":true,"showFlares":true,"showImageEffects":true,"showParticleSystems":true,"showVisualEffectGraphs":true,"m_FxEnabled":true},"in2DMode":false,"pivot":{"x":1.837920904159546,"y":5.1774187088012699,"z":0.13171648979187013},"rotation":{"x":-0.02730676159262657,"y":0.0005982719012536109,"z":0.000009878250239125919,"w":-0.9996500015258789},"size":11.997194290161133,"orthographic":false}